folder_sk,compaction_id,is_bottom,prefix,seen,tombstones_seen,dropped,bytes_total,bytes_max,bytes_p10,bytes_p50,bytes_p90,bytes_p99,bytes_hist,blocks_dropped,blocks_kept,refs_dropped,refs_kept,reverse_refs_tombstoned,reverse_refs_kept,inbox_tombstoned,inbox_kept,seqs_pruned,seqs_kept,tombstones_pruned,files_kept,metadata_kept,kept
folder_0000000B,1,true,mb,19420,0,0,70232,4,<8,<8,<8,<8,<8:19420,0,0,0,19420,0,19618,0,36,439,0,0,4232,2,43308
folder_0000000B,1,true,md,1,0,0,14,14,<32,<32,<32,<32,<32:1,0,0,0,19420,0,19618,0,36,439,0,0,4232,2,43308
folder_0000000B,1,true,mi,36,0,0,61112,50579,<512,<512,<512,<64k,"<512:35,<64k:1",0,0,0,19420,0,19618,0,36,439,0,0,4232,2,43308
folder_0000000B,1,true,mn,4232,0,0,2238820,83316,<512,<512,<512,<4k,"<128:129,<512:3761,<1k:148,<2k:95,<3k:38,<4k:38,<8k:6,<16k:6,<32k:2,<64k:5,<128k:4",0,0,0,19420,0,19618,0,36,439,0,0,4232,2,43308
folder_0000000B,1,true,mr,19618,0,0,0,0,<8,<8,<8,<8,<8:19618,0,0,0,19420,0,19618,0,36,439,0,0,4232,2,43308
folder_0000000B,1,true,ms,439,0,439,52241,119,<128,<128,<128,<128,<128:439,0,0,0,19420,0,19618,0,36,439,0,0,4232,2,43308
folder_0000000B,1,true,mx,1,0,0,7,7,<8,<8,<8,<8,<8:1,0,0,0,19420,0,19618,0,36,439,0,0,4232,2,43308
folder_0000000B,2,true,mb,20834,0,0,74536,4,<8,<8,<8,<8,<8:20834,0,0,0,20834,0,21032,0,121,216,0,8,4432,2,46421
folder_0000000B,2,true,md,1,0,0,14,14,<32,<32,<32,<32,<32:1,0,0,0,20834,0,21032,0,121,216,0,8,4432,2,46421
folder_0000000B,2,true,mi,121,0,0,283683,68070,<128,<512,<512,<64k,"<128:60,<512:50,<2k:1,<3k:1,<4k:1,<8k:2,<16k:2,<64k:3,<128k:1",0,0,0,20834,0,21032,0,121,216,0,8,4432,2,46421
folder_0000000B,2,true,mn,4440,0,8,2270781,83316,<512,<512,<512,<4k,"<128:257,<512:3840,<1k:148,<2k:95,<3k:39,<4k:38,<8k:6,<16k:6,<32k:2,<64k:5,<128k:4",0,0,0,20834,0,21032,0,121,216,0,8,4432,2,46421
folder_0000000B,2,true,mr,21032,0,0,0,0,<8,<8,<8,<8,<8:21032,0,0,0,20834,0,21032,0,121,216,0,8,4432,2,46421
folder_0000000B,2,true,ms,216,0,216,13576,119,<32,<128,<128,<128,"<32:36,<128:180",0,0,0,20834,0,21032,0,121,216,0,8,4432,2,46421
folder_0000000B,2,true,mx,1,0,0,7,7,<8,<8,<8,<8,<8:1,0,0,0,20834,0,21032,0,121,216,0,8,4432,2,46421
folder_0000000B,3,true,mb,21399,0,6,76565,4,<8,<8,<8,<8,<8:21399,0,0,6,21393,6,21591,0,168,99,0,62,4407,2,47561
folder_0000000B,3,true,md,1,0,0,15,15,<32,<32,<32,<32,<32:1,0,0,6,21393,6,21591,0,168,99,0,62,4407,2,47561
folder_0000000B,3,true,mi,168,0,0,527623,77034,<128,<512,<3k,<128k,"<128:71,<512:78,<1k:1,<2k:1,<3k:1,<4k:2,<8k:3,<16k:4,<64k:4,<128k:3",0,0,6,21393,6,21591,0,168,99,0,62,4407,2,47561
folder_0000000B,3,true,mn,4469,0,62,2039948,83316,<512,<512,<512,<4k,"<128:311,<512:3828,<1k:145,<2k:94,<3k:38,<4k:37,<8k:4,<16k:5,<32k:1,<64k:3,<128k:3",0,0,6,21393,6,21591,0,168,99,0,62,4407,2,47561
folder_0000000B,3,true,mr,21597,0,6,0,0,<8,<8,<8,<8,<8:21597,0,0,6,21393,6,21591,0,168,99,0,62,4407,2,47561
folder_0000000B,3,true,ms,99,0,99,3037,40,<32,<32,<128,<128,"<32:57,<128:42",0,0,6,21393,6,21591,0,168,99,0,62,4407,2,47561
folder_0000000B,3,true,mx,1,0,0,7,7,<8,<8,<8,<8,<8:1,0,0,6,21393,6,21591,0,168,99,0,62,4407,2,47561
folder_0000000B,4,true,mb,22191,0,0,79374,4,<8,<8,<8,<8,<8:22191,0,0,0,22191,0,22389,0,131,37,0,23,4398,2,49111
folder_0000000B,4,true,md,1,0,0,15,15,<32,<32,<32,<32,<32:1,0,0,0,22191,0,22389,0,131,37,0,23,4398,2,49111
folder_0000000B,4,true,mi,131,0,0,460453,77494,<128,<512,<4k,<128k,"<128:48,<512:67,<1k:1,<2k:1,<4k:2,<8k:2,<16k:3,<32k:1,<64k:3,<128k:3",0,0,0,22191,0,22389,0,131,37,0,23,4398,2,49111
folder_0000000B,4,true,mn,4421,0,23,1930181,83316,<512,<512,<512,<4k,"<128:272,<512:3822,<1k:144,<2k:94,<3k:38,<4k:37,<8k:5,<16k:3,<32k:1,<64k:3,<128k:2",0,0,0,22191,0,22389,0,131,37,0,23,4398,2,49111
folder_0000000B,4,true,mr,22389,0,0,0,0,<8,<8,<8,<8,<8:22389,0,0,0,22191,0,22389,0,131,37,0,23,4398,2,49111
folder_0000000B,4,true,ms,37,0,37,1106,45,<32,<32,<128,<128,"<32:25,<128:12",0,0,0,22191,0,22389,0,131,37,0,23,4398,2,49111
folder_0000000B,4,true,mx,1,0,0,7,7,<8,<8,<8,<8,<8:1,0,0,0,22191,0,22389,0,131,37,0,23,4398,2,49111
folder_0000000B,5,true,mb,22993,0,2210,82106,4,<8,<8,<8,<8,<8:22993,0,0,2210,20783,2210,20981,0,692,99,0,65,4367,2,46825
folder_0000000B,5,true,md,1,0,0,15,15,<32,<32,<32,<32,<32:1,0,0,2210,20783,2210,20981,0,692,99,0,65,4367,2,46825
folder_0000000B,5,true,mi,692,0,0,700662,77494,<128,<512,<512,<64k,"<128:256,<512:410,<1k:6,<2k:2,<3k:1,<4k:1,<8k:2,<16k:4,<32k:2,<64k:4,<128k:4",0,0,2210,20783,2210,20981,0,692,99,0,65,4367,2,46825
folder_0000000B,5,true,mn,4432,0,65,1831406,83316,<512,<512,<512,<4k,"<128:314,<512:3803,<1k:140,<2k:92,<3k:38,<4k:32,<8k:5,<16k:3,<32k:1,<64k:3,<128k:1",0,0,2210,20783,2210,20981,0,692,99,0,65,4367,2,46825
folder_0000000B,5,true,mr,23191,0,2210,0,0,<8,<8,<8,<8,<8:23191,0,0,2210,20783,2210,20981,0,692,99,0,65,4367,2,46825
folder_0000000B,5,true,ms,99,0,99,2747,68,<32,<32,<32,<128,"<32:94,<128:5",0,0,2210,20783,2210,20981,0,692,99,0,65,4367,2,46825
folder_0000000B,5,true,mx,1,0,0,7,7,<8,<8,<8,<8,<8:1,0,0,2210,20783,2210,20981,0,692,99,0,65,4367,2,46825
folder_0000000B,6,true,mb,21294,0,2360,76813,4,<8,<8,<8,<8,<8:21294,0,0,2360,18934,2360,19134,0,652,40,0,20,4367,2,43089
folder_0000000B,6,true,md,1,0,0,15,15,<32,<32,<32,<32,<32:1,0,0,2360,18934,2360,19134,0,652,40,0,20,4367,2,43089
folder_0000000B,6,true,mi,652,0,0,697273,77494,<128,<512,<512,<64k,"<128:236,<512:390,<1k:6,<2k:2,<3k:1,<4k:1,<8k:2,<16k:4,<32k:2,<64k:4,<128k:4",0,0,2360,18934,2360,19134,0,652,40,0,20,4367,2,43089
folder_0000000B,6,true,mn,4387,0,20,1793024,83316,<512,<512,<512,<3k,"<128:269,<512:3805,<1k:142,<2k:92,<3k:37,<4k:32,<8k:4,<16k:2,<64k:3,<128k:1",0,0,2360,18934,2360,19134,0,652,40,0,20,4367,2,43089
folder_0000000B,6,true,mr,21494,0,2360,0,0,<8,<8,<8,<8,<8:21494,0,0,2360,18934,2360,19134,0,652,40,0,20,4367,2,43089
folder_0000000B,6,true,ms,40,0,40,1079,30,<32,<32,<32,<32,<32:40,0,0,2360,18934,2360,19134,0,652,40,0,20,4367,2,43089
folder_0000000B,6,true,mx,1,0,0,7,7,<8,<8,<8,<8,<8:1,0,0,2360,18934,2360,19134,0,652,40,0,20,4367,2,43089
folder_0000000B,7,false,bd,1824,0,872,225509374,262144,<128k,>=128k,>=128k,>=128k,"<8k:6,<16k:19,<32k:12,<64k:10,<128k:257,>=128k:1520",872,952,0,0,0,0,0,0,0,0,0,0,0,952
folder_0000000B,8,true,mb,19360,0,2566,70062,4,<8,<8,<8,<8,<8:19360,0,0,2566,16794,2566,17001,0,536,116,0,64,4355,2,38688
folder_0000000B,8,true,md,1,0,0,15,15,<32,<32,<32,<32,<32:1,0,0,2566,16794,2566,17001,0,536,116,0,64,4355,2,38688
folder_0000000B,8,true,mi,536,0,0,680651,77494,<128,<512,<512,<64k,"<128:174,<512:337,<1k:6,<2k:2,<4k:1,<8k:2,<16k:4,<32k:2,<64k:4,<128k:4",0,0,2566,16794,2566,17001,0,536,116,0,64,4355,2,38688
folder_0000000B,8,true,mn,4419,0,64,1777348,83316,<512,<512,<512,<3k,"<128:311,<512:3801,<1k:141,<2k:92,<3k:36,<4k:28,<8k:4,<16k:2,<64k:3,<128k:1",0,0,2566,16794,2566,17001,0,536,116,0,64,4355,2,38688
folder_0000000B,8,true,mr,19567,0,2566,0,0,<8,<8,<8,<8,<8:19567,0,0,2566,16794,2566,17001,0,536,116,0,64,4355,2,38688
folder_0000000B,8,true,ms,116,0,116,3600,71,<32,<32,<128,<128,"<32:82,<128:34",0,0,2566,16794,2566,17001,0,536,116,0,64,4355,2,38688
folder_0000000B,8,true,mx,1,0,0,7,7,<8,<8,<8,<8,<8:1,0,0,2566,16794,2566,17001,0,536,116,0,64,4355,2,38688
folder_0000000B,9,true,mb,17286,0,275,62040,4,<8,<8,<8,<8,<8:17286,0,0,275,17011,275,17232,0,328,208,0,115,4333,2,38906
folder_0000000B,9,true,md,1,0,0,15,15,<32,<32,<32,<32,<32:1,0,0,275,17011,275,17232,0,328,208,0,115,4333,2,38906
folder_0000000B,9,true,mi,328,0,0,652071,77494,<128,<512,<512,<128k,"<128:60,<512:244,<1k:6,<2k:2,<8k:2,<16k:4,<32k:2,<64k:4,<128k:4",0,0,275,17011,275,17232,0,328,208,0,115,4333,2,38906
folder_0000000B,9,true,mn,4448,0,115,1680018,57925,<512,<512,<512,<3k,"<128:363,<512:3791,<1k:135,<2k:89,<3k:33,<4k:28,<8k:4,<16k:2,<64k:3",0,0,275,17011,275,17232,0,328,208,0,115,4333,2,38906
folder_0000000B,9,true,mr,17507,0,275,0,0,<8,<8,<8,<8,<8:17507,0,0,275,17011,275,17232,0,328,208,0,115,4333,2,38906
folder_0000000B,9,true,ms,208,0,208,6073,73,<32,<32,<128,<128,"<32:172,<128:36",0,0,275,17011,275,17232,0,328,208,0,115,4333,2,38906
folder_0000000B,9,true,mx,1,0,0,7,7,<8,<8,<8,<8,<8:1,0,0,275,17011,275,17232,0,328,208,0,115,4333,2,38906
folder_0000000B,10,true,mb,18099,0,223,65037,4,<8,<8,<8,<8,<8:18099,0,0,223,17876,223,18103,0,101,227,0,113,4334,2,40416
folder_0000000B,10,true,md,1,0,0,15,15,<32,<32,<32,<32,<32:1,0,0,223,17876,223,18103,0,101,227,0,113,4334,2,40416
folder_0000000B,10,true,mi,101,0,0,611604,77494,<512,<512,<16k,<128k,"<128:1,<512:79,<1k:4,<2k:2,<8k:1,<16k:4,<32k:2,<64k:4,<128k:4",0,0,223,17876,223,18103,0,101,227,0,113,4334,2,40416
folder_0000000B,10,true,mn,4447,0,113,1675486,57925,<512,<512,<512,<3k,"<128:308,<512:3851,<1k:133,<2k:88,<3k:31,<4k:26,<8k:5,<16k:2,<64k:3",0,0,223,17876,223,18103,0,101,227,0,113,4334,2,40416
folder_0000000B,10,true,mr,18326,0,223,0,0,<8,<8,<8,<8,<8:18326,0,0,223,17876,223,18103,0,101,227,0,113,4334,2,40416
folder_0000000B,10,true,ms,227,0,227,13226,129,<32,<128,<128,<128,"<8:1,<32:104,<128:121,<512:1",0,0,223,17876,223,18103,0,101,227,0,113,4334,2,40416
folder_0000000B,10,true,mx,1,0,0,7,7,<8,<8,<8,<8,<8:1,0,0,223,17876,223,18103,0,101,227,0,113,4334,2,40416
folder_0000000B,11,true,mb,19053,0,0,68772,4,<8,<8,<8,<8,<8:19053,0,0,0,19053,0,19291,0,857,244,0,123,4332,2,43535
folder_0000000B,11,true,md,1,0,0,15,15,<32,<32,<32,<32,<32:1,0,0,0,19053,0,19291,0,857,244,0,123,4332,2,43535
folder_0000000B,11,true,mi,857,0,0,777908,77494,<512,<512,<512,<32k,"<128:2,<512:823,<1k:16,<2k:1,<8k:1,<16k:4,<32k:2,<64k:4,<128k:4",0,0,0,19053,0,19291,0,857,244,0,123,4332,2,43535
folder_0000000B,11,true,mn,4455,0,123,1619730,57925,<512,<512,<512,<3k,"<128:250,<512:3919,<1k:134,<2k:89,<3k:30,<4k:24,<8k:5,<16k:2,<64k:2",0,0,0,19053,0,19291,0,857,244,0,123,4332,2,43535
folder_0000000B,11,true,mr,19291,0,0,0,0,<8,<8,<8,<8,<8:19291,0,0,0,19053,0,19291,0,857,244,0,123,4332,2,43535
folder_0000000B,11,true,ms,244,0,244,22812,129,<128,<128,<128,<128,"<32:2,<128:240,<512:2",0,0,0,19053,0,19291,0,857,244,0,123,4332,2,43535
folder_0000000B,11,true,mx,1,0,0,7,7,<8,<8,<8,<8,<8:1,0,0,0,19053,0,19291,0,857,244,0,123,4332,2,43535
folder_0000000B,12,true,mb,19264,0,177,69560,4,<8,<8,<8,<8,<8:19264,0,0,177,19087,177,19331,0,759,98,0,55,4320,2,43499
folder_0000000B,12,true,md,1,0,0,15,15,<32,<32,<32,<32,<32:1,0,0,177,19087,177,19331,0,759,98,0,55,4320,2,43499
folder_0000000B,12,true,mi,759,0,0,704187,77858,<512,<512,<512,<32k,"<128:2,<512:727,<1k:15,<2k:1,<8k:1,<16k:4,<32k:2,<64k:3,<128k:4",0,0,177,19087,177,19331,0,759,98,0,55,4320,2,43499
folder_0000000B,12,true,mn,4375,0,55,1670988,57925,<512,<512,<512,<3k,"<128:249,<512:3835,<1k:134,<2k:90,<3k:31,<4k:26,<8k:5,<16k:2,<64k:3",0,0,177,19087,177,19331,0,759,98,0,55,4320,2,43499
folder_0000000B,12,true,mr,19508,0,177,0,0,<8,<8,<8,<8,<8:19508,0,0,177,19087,177,19331,0,759,98,0,55,4320,2,43499
folder_0000000B,12,true,ms,98,0,98,9355,129,<128,<128,<128,<512,"<32:1,<128:96,<512:1",0,0,177,19087,177,19331,0,759,98,0,55,4320,2,43499
folder_0000000B,12,true,mx,1,0,0,7,7,<8,<8,<8,<8,<8:1,0,0,177,19087,177,19331,0,759,98,0,55,4320,2,43499
folder_0000000B,13,true,mb,19223,0,126,69402,4,<8,<8,<8,<8,<8:19223,0,0,126,19097,126,19342,0,678,81,0,58,4285,2,43404
folder_0000000B,13,true,md,1,0,0,15,15,<32,<32,<32,<32,<32:1,0,0,126,19097,126,19342,0,678,81,0,58,4285,2,43404
folder_0000000B,13,true,mi,678,0,0,690470,78206,<512,<512,<512,<64k,"<128:2,<512:646,<1k:15,<2k:1,<8k:1,<16k:4,<32k:2,<64k:3,<128k:4",0,0,126,19097,126,19342,0,678,81,0,58,4285,2,43404
folder_0000000B,13,true,mn,4343,0,58,1654192,57925,<512,<512,<512,<3k,"<128:249,<512:3805,<1k:134,<2k:90,<3k:31,<4k:24,<8k:5,<16k:2,<64k:3",0,0,126,19097,126,19342,0,678,81,0,58,4285,2,43404
folder_0000000B,13,true,mr,19468,0,126,0,0,<8,<8,<8,<8,<8:19468,0,0,126,19097,126,19342,0,678,81,0,58,4285,2,43404
folder_0000000B,13,true,ms,81,0,81,7584,110,<128,<128,<128,<128,<128:81,0,0,126,19097,126,19342,0,678,81,0,58,4285,2,43404
folder_0000000B,13,true,mx,1,0,0,7,7,<8,<8,<8,<8,<8:1,0,0,126,19097,126,19342,0,678,81,0,58,4285,2,43404
folder_0000000B,14,false,bd,1160,0,895,187088067,262144,>=128k,>=128k,>=128k,>=128k,"<8k:2,<16k:2,<64k:12,<128k:14,>=128k:1130",895,265,0,0,0,0,0,0,0,0,0,0,0,265
folder_0000000B,15,true,mb,19318,0,208,69781,4,<8,<8,<8,<8,<8:19318,0,0,208,19110,208,19355,0,658,20,0,14,4277,2,43402
folder_0000000B,15,true,md,1,0,0,15,15,<32,<32,<32,<32,<32:1,0,0,208,19110,208,19355,0,658,20,0,14,4277,2,43402
folder_0000000B,15,true,mi,658,0,0,687657,79006,<512,<512,<512,<64k,"<512:628,<1k:15,<2k:1,<8k:1,<16k:4,<32k:2,<64k:3,<128k:4",0,0,208,19110,208,19355,0,658,20,0,14,4277,2,43402
folder_0000000B,15,true,mn,4291,0,14,1644387,57925,<512,<512,<512,<3k,"<128:251,<512:3753,<1k:132,<2k:90,<3k:31,<4k:24,<8k:5,<16k:2,<64k:3",0,0,208,19110,208,19355,0,658,20,0,14,4277,2,43402
folder_0000000B,15,true,mr,19563,0,208,0,0,<8,<8,<8,<8,<8:19563,0,0,208,19110,208,19355,0,658,20,0,14,4277,2,43402
folder_0000000B,15,true,ms,20,0,20,1639,113,<32,<128,<128,<128,"<32:2,<128:18",0,0,208,19110,208,19355,0,658,20,0,14,4277,2,43402
folder_0000000B,15,true,mx,1,0,0,7,7,<8,<8,<8,<8,<8:1,0,0,208,19110,208,19355,0,658,20,0,14,4277,2,43402
folder_0000000B,16,true,mb,19304,0,182,69725,4,<8,<8,<8,<8,<8:19304,0,0,182,19122,182,19367,0,652,6,0,4,4275,2,43418
folder_0000000B,16,true,md,1,0,0,15,15,<32,<32,<32,<32,<32:1,0,0,182,19122,182,19367,0,652,6,0,4,4275,2,43418
folder_0000000B,16,true,mi,652,0,0,686727,79706,<512,<512,<512,<64k,"<512:624,<1k:13,<2k:1,<8k:1,<16k:4,<32k:2,<64k:3,<128k:4",0,0,182,19122,182,19367,0,652,6,0,4,4275,2,43418
folder_0000000B,16,true,mn,4279,0,4,1640198,57925,<512,<512,<512,<3k,"<128:249,<512:3744,<1k:132,<2k:90,<3k:30,<4k:24,<8k:5,<16k:2,<64k:3",0,0,182,19122,182,19367,0,652,6,0,4,4275,2,43418
folder_0000000B,16,true,mr,19549,0,182,0,0,<8,<8,<8,<8,<8:19549,0,0,182,19122,182,19367,0,652,6,0,4,4275,2,43418
folder_0000000B,16,true,ms,6,0,6,508,88,<128,<128,<128,<128,<128:6,0,0,182,19122,182,19367,0,652,6,0,4,4275,2,43418
folder_0000000B,16,true,mx,1,0,0,7,7,<8,<8,<8,<8,<8:1,0,0,182,19122,182,19367,0,652,6,0,4,4275,2,43418
folder_0000000B,17,true,mb,19293,0,157,69681,4,<8,<8,<8,<8,<8:19293,0,0,157,19136,157,19381,0,643,9,0,6,4272,2,43434
folder_0000000B,17,true,md,1,0,0,15,15,<32,<32,<32,<32,<32:1,0,0,157,19136,157,19381,0,643,9,0,6,4272,2,43434
folder_0000000B,17,true,mi,643,0,0,685097,80302,<512,<512,<512,<64k,"<512:617,<1k:11,<2k:1,<8k:1,<16k:4,<32k:2,<64k:3,<128k:4",0,0,157,19136,157,19381,0,643,9,0,6,4272,2,43434
folder_0000000B,17,true,mn,4278,0,6,1639533,57925,<512,<512,<512,<3k,"<128:249,<512:3743,<1k:132,<2k:90,<3k:30,<4k:24,<8k:5,<16k:2,<64k:3",0,0,157,19136,157,19381,0,643,9,0,6,4272,2,43434
folder_0000000B,17,true,mr,19538,0,157,0,0,<8,<8,<8,<8,<8:19538,0,0,157,19136,157,19381,0,643,9,0,6,4272,2,43434
folder_0000000B,17,true,ms,9,0,9,762,88,<128,<128,<128,<128,<128:9,0,0,157,19136,157,19381,0,643,9,0,6,4272,2,43434
folder_0000000B,17,true,mx,1,0,0,7,7,<8,<8,<8,<8,<8:1,0,0,157,19136,157,19381,0,643,9,0,6,4272,2,43434
folder_0000000B,18,true,mb,19322,0,183,69792,4,<8,<8,<8,<8,<8:19322,0,0,183,19139,183,19384,0,621,22,0,14,4266,2,43412
folder_0000000B,18,true,md,1,0,0,15,15,<32,<32,<32,<32,<32:1,0,0,183,19139,183,19384,0,621,22,0,14,4266,2,43412
folder_0000000B,18,true,mi,621,0,0,681494,80998,<512,<512,<512,<64k,"<512:595,<1k:11,<2k:1,<8k:1,<16k:4,<32k:2,<64k:3,<128k:4",0,0,183,19139,183,19384,0,621,22,0,14,4266,2,43412
folder_0000000B,18,true,mn,4280,0,14,1637347,57925,<512,<512,<512,<3k,"<128:249,<512:3747,<1k:131,<2k:89,<3k:30,<4k:24,<8k:5,<16k:2,<64k:3",0,0,183,19139,183,19384,0,621,22,0,14,4266,2,43412
folder_0000000B,18,true,mr,19567,0,183,0,0,<8,<8,<8,<8,<8:19567,0,0,183,19139,183,19384,0,621,22,0,14,4266,2,43412
folder_0000000B,18,true,ms,22,0,22,2412,145,<128,<128,<128,<512,"<128:20,<512:2",0,0,183,19139,183,19384,0,621,22,0,14,4266,2,43412
folder_0000000B,18,true,mx,1,0,0,7,7,<8,<8,<8,<8,<8:1,0,0,183,19139,183,19384,0,621,22,0,14,4266,2,43412
folder_0000000B,19,true,mb,19297,0,150,69694,4,<8,<8,<8,<8,<8:19297,0,0,150,19147,150,19392,0,601,20,0,13,4260,2,43402
folder_0000000B,19,true,md,1,0,0,15,15,<32,<32,<32,<32,<32:1,0,0,150,19147,150,19392,0,601,20,0,13,4260,2,43402
folder_0000000B,19,true,mi,601,0,0,678021,81594,<512,<512,<512,<64k,"<512:575,<1k:11,<2k:1,<8k:1,<16k:4,<32k:2,<64k:3,<128k:4",0,0,150,19147,150,19392,0,601,20,0,13,4260,2,43402
folder_0000000B,19,true,mn,4273,0,13,1635742,57925,<512,<512,<512,<3k,"<128:249,<512:3740,<1k:131,<2k:89,<3k:30,<4k:24,<8k:5,<16k:2,<64k:3",0,0,150,19147,150,19392,0,601,20,0,13,4260,2,43402
folder_0000000B,19,true,mr,19542,0,150,0,0,<8,<8,<8,<8,<8:19542,0,0,150,19147,150,19392,0,601,20,0,13,4260,2,43402
folder_0000000B,19,true,ms,20,0,20,2273,118,<128,<128,<128,<128,<128:20,0,0,150,19147,150,19392,0,601,20,0,13,4260,2,43402
folder_0000000B,19,true,mx,1,0,0,7,7,<8,<8,<8,<8,<8:1,0,0,150,19147,150,19392,0,601,20,0,13,4260,2,43402
folder_0000000B,20,false,bd,804,0,803,209822602,262144,>=128k,>=128k,>=128k,>=128k,"<128k:1,>=128k:803",803,1,0,0,0,0,0,0,0,0,0,0,0,1
folder_0000000B,21,true,mb,19359,0,222,69942,4,<8,<8,<8,<8,<8:19359,0,0,222,19137,222,19382,0,565,36,0,26,4244,2,43330
folder_0000000B,21,true,md,1,0,0,15,15,<32,<32,<32,<32,<32:1,0,0,222,19137,222,19382,0,565,36,0,26,4244,2,43330
folder_0000000B,21,true,mi,565,0,0,671770,82394,<512,<512,<512,<64k,"<512:539,<1k:11,<2k:1,<8k:1,<16k:4,<32k:2,<64k:3,<128k:4",0,0,222,19137,222,19382,0,565,36,0,26,4244,2,43330
folder_0000000B,21,true,mn,4270,0,26,1633924,57925,<512,<512,<512,<3k,"<128:249,<512:3737,<1k:131,<2k:89,<3k:30,<4k:24,<8k:5,<16k:2,<64k:3",0,0,222,19137,222,19382,0,565,36,0,26,4244,2,43330
folder_0000000B,21,true,mr,19604,0,222,0,0,<8,<8,<8,<8,<8:19604,0,0,222,19137,222,19382,0,565,36,0,26,4244,2,43330
folder_0000000B,21,true,ms,36,0,36,4094,118,<128,<128,<128,<128,<128:36,0,0,222,19137,222,19382,0,565,36,0,26,4244,2,43330
folder_0000000B,21,true,mx,1,0,0,7,7,<8,<8,<8,<8,<8:1,0,0,222,19137,222,19382,0,565,36,0,26,4244,2,43330
folder_0000000B,22,true,mb,19280,0,3,69626,4,<8,<8,<8,<8,<8:19280,0,0,3,19277,3,19522,0,536,29,0,16,4241,2,43578
folder_0000000B,22,true,md,1,0,0,15,15,<32,<32,<32,<32,<32:1,0,0,3,19277,3,19522,0,536,29,0,16,4241,2,43578
folder_0000000B,22,true,mi,536,0,0,665926,82886,<512,<512,<512,<64k,"<512:511,<1k:10,<2k:1,<8k:1,<16k:4,<32k:2,<64k:3,<128k:4",0,0,3,19277,3,19522,0,536,29,0,16,4241,2,43578
folder_0000000B,22,true,mn,4257,0,16,1631417,57925,<512,<512,<512,<3k,"<128:249,<512:3724,<1k:131,<2k:89,<3k:30,<4k:24,<8k:5,<16k:2,<64k:3",0,0,3,19277,3,19522,0,536,29,0,16,4241,2,43578
folder_0000000B,22,true,mr,19525,0,3,0,0,<8,<8,<8,<8,<8:19525,0,0,3,19277,3,19522,0,536,29,0,16,4241,2,43578
folder_0000000B,22,true,ms,29,0,29,3372,148,<128,<128,<128,<512,"<128:27,<512:2",0,0,3,19277,3,19522,0,536,29,0,16,4241,2,43578
folder_0000000B,22,true,mx,1,0,0,7,7,<8,<8,<8,<8,<8:1,0,0,3,19277,3,19522,0,536,29,0,16,4241,2,43578
folder_0000000B,23,true,mb,19612,0,35,70918,4,<8,<8,<8,<8,<8:19612,0,0,35,19577,35,19822,0,429,107,0,56,4236,2,44066
folder_0000000B,23,true,md,1,0,0,15,15,<32,<32,<32,<32,<32:1,0,0,35,19577,35,19822,0,429,107,0,56,4236,2,44066
folder_0000000B,23,true,mi,429,0,0,560770,76748,<512,<512,<512,<64k,"<512:407,<1k:8,<2k:1,<8k:1,<16k:4,<32k:2,<64k:3,<128k:3",0,0,35,19577,35,19822,0,429,107,0,56,4236,2,44066
folder_0000000B,23,true,mn,4292,0,56,1721895,83353,<512,<512,<512,<3k,"<128:249,<512:3756,<1k:133,<2k:88,<3k:31,<4k:24,<8k:5,<16k:2,<64k:3,<128k:1",0,0,35,19577,35,19822,0,429,107,0,56,4236,2,44066
folder_0000000B,23,true,mr,19857,0,35,0,0,<8,<8,<8,<8,<8:19857,0,0,35,19577,35,19822,0,429,107,0,56,4236,2,44066
folder_0000000B,23,true,ms,107,0,107,11564,141,<128,<128,<128,<512,"<32:5,<128:100,<512:2",0,0,35,19577,35,19822,0,429,107,0,56,4236,2,44066
folder_0000000B,23,true,mx,1,0,0,7,7,<8,<8,<8,<8,<8:1,0,0,35,19577,35,19822,0,429,107,0,56,4236,2,44066
folder_0000000B,24,true,mb,20201,0,87,73182,4,<8,<8,<8,<8,<8:20201,0,0,87,20114,87,20359,0,311,196,0,116,4200,2,44986
folder_0000000B,24,true,md,1,0,0,15,15,<32,<32,<32,<32,<32:1,0,0,87,20114,87,20359,0,311,196,0,116,4200,2,44986
folder_0000000B,24,true,mi,311,0,0,495844,76748,<512,<512,<512,<64k,"<128:22,<512:267,<1k:9,<2k:3,<8k:1,<16k:2,<32k:1,<64k:3,<128k:3",0,0,87,20114,87,20359,0,311,196,0,116,4200,2,44986
folder_0000000B,24,true,mn,4316,0,116,1767231,83353,<512,<512,<512,<3k,"<128:249,<512:3777,<1k:133,<2k:88,<3k:31,<4k:24,<8k:5,<16k:4,<32k:1,<64k:3,<128k:1",0,0,87,20114,87,20359,0,311,196,0,116,4200,2,44986
folder_0000000B,24,true,mr,20446,0,87,0,0,<8,<8,<8,<8,<8:20446,0,0,87,20114,87,20359,0,311,196,0,116,4200,2,44986
folder_0000000B,24,true,ms,196,0,196,18504,122,<128,<128,<128,<128,<128:196,0,0,87,20114,87,20359,0,311,196,0,116,4200,2,44986
folder_0000000B,24,true,mx,1,0,0,7,7,<8,<8,<8,<8,<8:1,0,0,87,20114,87,20359,0,311,196,0,116,4200,2,44986
folder_0000000B,25,false,bd,1296,0,391,218601847,262144,>=128k,>=128k,>=128k,>=128k,"<8k:5,<16k:2,<32k:3,<64k:6,<128k:25,>=128k:1255",391,905,0,0,0,0,0,0,0,0,0,0,0,905
folder_0000000B,26,true,mb,20735,0,435,75180,4,<8,<8,<8,<8,<8:20735,0,0,435,20300,435,20545,0,1066,167,0,92,4183,2,46096
folder_0000000B,26,true,md,1,0,0,15,15,<32,<32,<32,<32,<32:1,0,0,435,20300,435,20545,0,1066,167,0,92,4183,2,46096
folder_0000000B,26,true,mi,1066,0,0,683287,76748,<128,<512,<512,<3k,"<128:210,<512:781,<1k:40,<2k:20,<3k:5,<8k:1,<16k:2,<32k:1,<64k:3,<128k:3",0,0,435,20300,435,20545,0,1066,167,0,92,4183,2,46096
folder_0000000B,26,true,mn,4275,0,92,1757832,83353,<512,<512,<512,<3k,"<128:279,<512:3708,<1k:131,<2k:88,<3k:31,<4k:24,<8k:5,<16k:4,<32k:1,<64k:3,<128k:1",0,0,435,20300,435,20545,0,1066,167,0,92,4183,2,46096
folder_0000000B,26,true,mr,20980,0,435,0,0,<8,<8,<8,<8,<8:20980,0,0,435,20300,435,20545,0,1066,167,0,92,4183,2,46096
folder_0000000B,26,true,ms,167,0,167,14725,119,<128,<128,<128,<128,<128:167,0,0,435,20300,435,20545,0,1066,167,0,92,4183,2,46096
folder_0000000B,26,true,mx,1,0,0,7,7,<8,<8,<8,<8,<8:1,0,0,435,20300,435,20545,0,1066,167,0,92,4183,2,46096
folder_0000000B,27,true,mb,21124,0,8,76459,4,<8,<8,<8,<8,<8:21124,0,0,8,21116,8,21362,0,845,221,0,128,4148,2,47473
folder_0000000B,27,true,md,1,0,0,15,15,<32,<32,<32,<32,<32:1,0,0,8,21116,8,21362,0,845,221,0,128,4148,2,47473
folder_0000000B,27,true,mi,845,0,0,636137,76748,<128,<512,<512,<16k,"<128:183,<512:599,<1k:33,<2k:15,<3k:5,<8k:1,<16k:2,<32k:1,<64k:3,<128k:3",0,0,8,21116,8,21362,0,845,221,0,128,4148,2,47473
folder_0000000B,27,true,mn,4276,0,128,1738077,83353,<512,<512,<512,<3k,"<128:277,<512:3730,<1k:121,<2k:79,<3k:31,<4k:24,<8k:5,<16k:4,<32k:1,<64k:3,<128k:1",0,0,8,21116,8,21362,0,845,221,0,128,4148,2,47473
folder_0000000B,27,true,mr,21370,0,8,0,0,<8,<8,<8,<8,<8:21370,0,0,8,21116,8,21362,0,845,221,0,128,4148,2,47473
folder_0000000B,27,true,ms,221,0,221,18267,120,<128,<128,<128,<128,<128:221,0,0,8,21116,8,21362,0,845,221,0,128,4148,2,47473
folder_0000000B,27,true,mx,1,0,0,7,7,<8,<8,<8,<8,<8:1,0,0,8,21116,8,21362,0,845,221,0,128,4148,2,47473
folder_0000000B,28,true,mb,21502,0,260,77929,4,<8,<8,<8,<8,<8:21502,0,0,260,21242,260,21488,0,772,73,0,35,4151,2,47655
folder_0000000B,28,true,md,1,0,0,15,15,<32,<32,<32,<32,<32:1,0,0,260,21242,260,21488,0,772,73,0,35,4151,2,47655
folder_0000000B,28,true,mi,772,0,0,564658,76748,<128,<512,<512,<16k,"<128:173,<512:537,<1k:33,<2k:15,<3k:5,<8k:1,<16k:2,<32k:1,<64k:2,<128k:3",0,0,260,21242,260,21488,0,772,73,0,35,4151,2,47655
folder_0000000B,28,true,mn,4186,0,35,1786135,83353,<512,<512,<512,<3k,"<128:259,<512:3656,<1k:121,<2k:80,<3k:31,<4k:24,<8k:5,<16k:4,<32k:1,<64k:4,<128k:1",0,0,260,21242,260,21488,0,772,73,0,35,4151,2,47655
folder_0000000B,28,true,mr,21748,0,260,0,0,<8,<8,<8,<8,<8:21748,0,0,260,21242,260,21488,0,772,73,0,35,4151,2,47655
folder_0000000B,28,true,ms,73,0,73,5880,116,<128,<128,<128,<128,"<32:2,<128:71",0,0,260,21242,260,21488,0,772,73,0,35,4151,2,47655
folder_0000000B,28,true,mx,1,0,0,7,7,<8,<8,<8,<8,<8:1,0,0,260,21242,260,21488,0,772,73,0,35,4151,2,47655
folder_0000000B,29,true,mb,21554,0,294,78137,4,<8,<8,<8,<8,<8:21554,0,0,294,21260,294,21506,0,757,15,0,7,4152,2,47677
folder_0000000B,29,true,md,1,0,0,15,15,<32,<32,<32,<32,<32:1,0,0,294,21260,294,21506,0,757,15,0,7,4152,2,47677
folder_0000000B,29,true,mi,757,0,0,562977,76748,<128,<512,<512,<16k,"<128:166,<512:529,<1k:33,<2k:15,<3k:5,<8k:1,<16k:2,<32k:1,<64k:2,<128k:3",0,0,294,21260,294,21506,0,757,15,0,7,4152,2,47677
folder_0000000B,29,true,mn,4159,0,7,1782186,83353,<512,<512,<512,<3k,"<128:256,<512:3632,<1k:121,<2k:80,<3k:31,<4k:24,<8k:5,<16k:4,<32k:1,<64k:4,<128k:1",0,0,294,21260,294,21506,0,757,15,0,7,4152,2,47677
folder_0000000B,29,true,mr,21800,0,294,0,0,<8,<8,<8,<8,<8:21800,0,0,294,21260,294,21506,0,757,15,0,7,4152,2,47677
folder_0000000B,29,true,ms,15,0,15,834,65,<128,<128,<128,<128,<128:15,0,0,294,21260,294,21506,0,757,15,0,7,4152,2,47677
folder_0000000B,29,true,mx,1,0,0,7,7,<8,<8,<8,<8,<8:1,0,0,294,21260,294,21506,0,757,15,0,7,4152,2,47677
folder_0000000B,30,true,mb,21568,0,294,78193,4,<8,<8,<8,<8,<8:21568,0,0,294,21274,294,21520,0,742,15,0,8,4151,2,47689
folder_0000000B,30,true,md,1,0,0,15,15,<32,<32,<32,<32,<32:1,0,0,294,21274,294,21520,0,742,15,0,8,4151,2,47689
folder_0000000B,30,true,mi,742,0,0,561575,76748,<128,<512,<512,<16k,"<128:158,<512:522,<1k:33,<2k:15,<3k:5,<8k:1,<16k:2,<32k:1,<64k:2,<128k:3",0,0,294,21274,294,21520,0,742,15,0,8,4151,2,47689
folder_0000000B,30,true,mn,4159,0,8,1782109,83353,<512,<512,<512,<3k,"<128:257,<512:3631,<1k:121,<2k:80,<3k:31,<4k:24,<8k:5,<16k:4,<32k:1,<64k:4,<128k:1",0,0,294,21274,294,21520,0,742,15,0,8,4151,2,47689
folder_0000000B,30,true,mr,21814,0,294,0,0,<8,<8,<8,<8,<8:21814,0,0,294,21274,294,21520,0,742,15,0,8,4151,2,47689
folder_0000000B,30,true,ms,15,0,15,771,64,<128,<128,<128,<128,<128:15,0,0,294,21274,294,21520,0,742,15,0,8,4151,2,47689
folder_0000000B,30,true,mx,1,0,0,7,7,<8,<8,<8,<8,<8:1,0,0,294,21274,294,21520,0,742,15,0,8,4151,2,47689
folder_0000000B,31,false,bd,1395,0,4,182524798,131072,>=128k,>=128k,>=128k,>=128k,"<16k:1,<64k:1,<128k:2,>=128k:1391",4,1391,0,0,0,0,0,0,0,0,0,0,0,1391
folder_0000000B,32,true,mb,21632,0,35,78449,4,<8,<8,<8,<8,<8:21632,0,0,35,21597,35,21843,0,691,51,0,27,4148,2,48281
folder_0000000B,32,true,md,1,0,0,15,15,<32,<32,<32,<32,<32:1,0,0,35,21597,35,21843,0,691,51,0,27,4148,2,48281
folder_0000000B,32,true,mi,691,0,0,553973,76748,<128,<512,<512,<16k,"<128:145,<512:484,<1k:33,<2k:15,<3k:5,<8k:1,<16k:2,<32k:1,<64k:2,<128k:3",0,0,35,21597,35,21843,0,691,51,0,27,4148,2,48281
folder_0000000B,32,true,mn,4175,0,27,1784372,83353,<512,<512,<512,<3k,"<128:262,<512:3642,<1k:121,<2k:80,<3k:31,<4k:24,<8k:5,<16k:4,<32k:1,<64k:4,<128k:1",0,0,35,21597,35,21843,0,691,51,0,27,4148,2,48281
folder_0000000B,32,true,mr,21878,0,35,0,0,<8,<8,<8,<8,<8:21878,0,0,35,21597,35,21843,0,691,51,0,27,4148,2,48281
folder_0000000B,32,true,ms,51,0,51,3812,116,<128,<128,<128,<128,<128:51,0,0,35,21597,35,21843,0,691,51,0,27,4148,2,48281
folder_0000000B,32,true,mx,1,0,0,7,7,<8,<8,<8,<8,<8:1,0,0,35,21597,35,21843,0,691,51,0,27,4148,2,48281
folder_0000000B,33,true,mb,21936,0,0,79659,4,<8,<8,<8,<8,<8:21936,0,0,0,21936,0,22185,0,636,55,0,16,4171,2,48930
folder_0000000B,33,true,md,1,0,0,15,15,<32,<32,<32,<32,<32:1,0,0,0,21936,0,22185,0,636,55,0,16,4171,2,48930
folder_0000000B,33,true,mi,636,0,0,471663,76748,<128,<512,<512,<16k,"<128:129,<512:446,<1k:33,<2k:15,<3k:5,<8k:1,<16k:2,<32k:1,<64k:2,<128k:2",0,0,0,21936,0,22185,0,636,55,0,16,4171,2,48930
folder_0000000B,33,true,mn,4187,0,16,1878292,83353,<512,<512,<512,<4k,"<128:265,<512:3643,<1k:123,<2k:81,<3k:31,<4k:28,<8k:5,<16k:4,<32k:1,<64k:4,<128k:2",0,0,0,21936,0,22185,0,636,55,0,16,4171,2,48930
folder_0000000B,33,true,mr,22185,0,0,0,0,<8,<8,<8,<8,<8:22185,0,0,0,21936,0,22185,0,636,55,0,16,4171,2,48930
folder_0000000B,33,true,ms,55,0,55,2536,69,<32,<128,<128,<128,"<32:20,<128:35",0,0,0,21936,0,22185,0,636,55,0,16,4171,2,48930
folder_0000000B,33,true,mx,1,0,0,7,7,<8,<8,<8,<8,<8:1,0,0,0,21936,0,22185,0,636,55,0,16,4171,2,48930
folder_0000000B,34,true,mb,22495,0,330,81792,4,<8,<8,<8,<8,<8:22495,0,0,330,22165,330,22417,0,510,126,0,60,4177,2,49271
folder_0000000B,34,true,md,1,0,0,15,15,<32,<32,<32,<32,<32:1,0,0,330,22165,330,22417,0,510,126,0,60,4177,2,49271
folder_0000000B,34,true,mi,510,0,0,341427,76764,<128,<512,<1k,<3k,"<128:89,<512:368,<1k:31,<2k:14,<3k:4,<16k:1,<64k:2,<128k:1",0,0,330,22165,330,22417,0,510,126,0,60,4177,2,49271
folder_0000000B,34,true,mn,4237,0,60,2009754,83353,<512,<512,<512,<4k,"<128:290,<512:3656,<1k:127,<2k:80,<3k:31,<4k:33,<8k:6,<16k:5,<32k:2,<64k:4,<128k:3",0,0,330,22165,330,22417,0,510,126,0,60,4177,2,49271
folder_0000000B,34,true,mr,22747,0,330,0,0,<8,<8,<8,<8,<8:22747,0,0,330,22165,330,22417,0,510,126,0,60,4177,2,49271
folder_0000000B,34,true,ms,126,0,126,6822,104,<32,<128,<128,<128,"<32:22,<128:104",0,0,330,22165,330,22417,0,510,126,0,60,4177,2,49271
folder_0000000B,34,true,mx,1,0,0,7,7,<8,<8,<8,<8,<8:1,0,0,330,22165,330,22417,0,510,126,0,60,4177,2,49271
folder_0000000B,35,true,mb,22331,0,1,81136,4,<8,<8,<8,<8,<8:22331,0,0,1,22330,1,22582,0,502,8,0,4,4177,2,49593
folder_0000000B,35,true,md,1,0,0,15,15,<32,<32,<32,<32,<32:1,0,0,1,22330,1,22582,0,502,8,0,4,4177,2,49593
folder_0000000B,35,true,mi,502,0,0,340369,77364,<128,<512,<1k,<3k,"<128:85,<512:364,<1k:31,<2k:14,<3k:4,<16k:1,<64k:2,<128k:1",0,0,1,22330,1,22582,0,502,8,0,4,4177,2,49593
folder_0000000B,35,true,mn,4181,0,4,2002968,83353,<512,<512,<512,<4k,"<128:253,<512:3637,<1k:127,<2k:80,<3k:31,<4k:33,<8k:6,<16k:5,<32k:2,<64k:4,<128k:3",0,0,1,22330,1,22582,0,502,8,0,4,4177,2,49593
folder_0000000B,35,true,mr,22583,0,1,0,0,<8,<8,<8,<8,<8:22583,0,0,1,22330,1,22582,0,502,8,0,4,4177,2,49593
folder_0000000B,35,true,ms,8,0,8,448,65,<128,<128,<128,<128,<128:8,0,0,1,22330,1,22582,0,502,8,0,4,4177,2,49593
folder_0000000B,35,true,mx,1,0,0,7,7,<8,<8,<8,<8,<8:1,0,0,1,22330,1,22582,0,502,8,0,4,4177,2,49593
folder_0000000B,36,true,mb,22520,0,0,81892,4,<8,<8,<8,<8,<8:22520,0,0,0,22520,0,22772,0,493,9,0,4,4178,2,49965
folder_0000000B,36,true,md,1,0,0,15,15,<32,<32,<32,<32,<32:1,0,0,0,22520,0,22772,0,493,9,0,4,4178,2,49965
folder_0000000B,36,true,mi,493,0,0,338806,78064,<128,<512,<1k,<3k,"<128:85,<512:356,<1k:30,<2k:14,<3k:4,<16k:1,<64k:2,<128k:1",0,0,0,22520,0,22772,0,493,9,0,4,4178,2,49965
folder_0000000B,36,true,mn,4182,0,4,2003323,83353,<512,<512,<512,<4k,"<128:249,<512:3642,<1k:127,<2k:80,<3k:31,<4k:33,<8k:6,<16k:5,<32k:2,<64k:4,<128k:3",0,0,0,22520,0,22772,0,493,9,0,4,4178,2,49965
folder_0000000B,36,true,mr,22772,0,0,0,0,<8,<8,<8,<8,<8:22772,0,0,0,22520,0,22772,0,493,9,0,4,4178,2,49965
folder_0000000B,36,true,ms,9,0,9,653,79,<128,<128,<128,<128,<128:9,0,0,0,22520,0,22772,0,493,9,0,4,4178,2,49965
folder_0000000B,36,true,mx,1,0,0,7,7,<8,<8,<8,<8,<8:1,0,0,0,22520,0,22772,0,493,9,0,4,4178,2,49965
folder_0000000B,37,false,bd,1129,0,513,213516396,262144,>=128k,>=128k,>=128k,>=128k,"<32k:2,<64k:3,<128k:2,>=128k:1122",513,616,0,0,0,0,0,0,0,0,0,0,0,616
folder_0000000B,38,true,mb,22742,0,0,82780,4,<8,<8,<8,<8,<8:22742,0,0,0,22742,0,22994,0,489,4,0,2,4178,2,50405
folder_0000000B,38,true,md,1,0,0,15,15,<32,<32,<32,<32,<32:1,0,0,0,22742,0,22994,0,489,4,0,2,4178,2,50405
folder_0000000B,38,true,mi,489,0,0,338042,78864,<128,<512,<1k,<3k,"<128:83,<512:355,<1k:30,<2k:13,<3k:4,<16k:1,<64k:2,<128k:1",0,0,0,22742,0,22994,0,489,4,0,2,4178,2,50405
folder_0000000B,38,true,mn,4180,0,2,2003926,83353,<512,<512,<512,<4k,"<128:251,<512:3637,<1k:127,<2k:81,<3k:31,<4k:33,<8k:6,<16k:5,<32k:2,<64k:4,<128k:3",0,0,0,22742,0,22994,0,489,4,0,2,4178,2,50405
folder_0000000B,38,true,mr,22994,0,0,0,0,<8,<8,<8,<8,<8:22994,0,0,0,22742,0,22994,0,489,4,0,2,4178,2,50405
folder_0000000B,38,true,ms,4,0,4,253,67,<128,<128,<128,<128,<128:4,0,0,0,22742,0,22994,0,489,4,0,2,4178,2,50405
folder_0000000B,38,true,mx,1,0,0,7,7,<8,<8,<8,<8,<8:1,0,0,0,22742,0,22994,0,489,4,0,2,4178,2,50405
folder_0000000B,39,true,mb,22958,0,0,83644,4,<8,<8,<8,<8,<8:22958,0,0,0,22958,0,23210,0,482,7,0,4,4177,2,50829
folder_0000000B,39,true,md,1,0,0,15,15,<32,<32,<32,<32,<32:1,0,0,0,22958,0,23210,0,482,7,0,4,4177,2,50829
folder_0000000B,39,true,mi,482,0,0,337630,79664,<128,<512,<1k,<3k,"<128:79,<512:352,<1k:30,<2k:13,<3k:4,<16k:1,<64k:2,<128k:1",0,0,0,22958,0,23210,0,482,7,0,4,4177,2,50829
folder_0000000B,39,true,mn,4181,0,4,2003045,83353,<512,<512,<512,<4k,"<128:253,<512:3637,<1k:127,<2k:80,<3k:31,<4k:33,<8k:6,<16k:5,<32k:2,<64k:4,<128k:3",0,0,0,22958,0,23210,0,482,7,0,4,4177,2,50829
folder_0000000B,39,true,mr,23210,0,0,0,0,<8,<8,<8,<8,<8:23210,0,0,0,22958,0,23210,0,482,7,0,4,4177,2,50829
folder_0000000B,39,true,ms,7,0,7,442,67,<128,<128,<128,<128,<128:7,0,0,0,22958,0,23210,0,482,7,0,4,4177,2,50829
folder_0000000B,39,true,mx,1,0,0,7,7,<8,<8,<8,<8,<8:1,0,0,0,22958,0,23210,0,482,7,0,4,4177,2,50829
folder_0000000B,40,true,mb,23118,0,0,84284,4,<8,<8,<8,<8,<8:23118,0,0,0,23118,0,23375,0,476,6,0,3,4177,2,51148
folder_0000000B,40,true,md,1,0,0,15,15,<32,<32,<32,<32,<32:1,0,0,0,23118,0,23375,0,476,6,0,3,4177,2,51148
folder_0000000B,40,true,mi,476,0,0,336419,80264,<128,<512,<1k,<3k,"<128:76,<512:350,<1k:29,<2k:13,<3k:4,<16k:1,<64k:2,<128k:1",0,0,0,23118,0,23375,0,476,6,0,3,4177,2,51148
folder_0000000B,40,true,mn,4180,0,3,2002935,83353,<512,<512,<512,<4k,"<128:252,<512:3637,<1k:127,<2k:80,<3k:31,<4k:33,<8k:6,<16k:5,<32k:2,<64k:4,<128k:3",0,0,0,23118,0,23375,0,476,6,0,3,4177,2,51148
folder_0000000B,40,true,mr,23375,0,0,0,0,<8,<8,<8,<8,<8:23375,0,0,0,23118,0,23375,0,476,6,0,3,4177,2,51148
folder_0000000B,40,true,ms,6,0,6,373,67,<128,<128,<128,<128,<128:6,0,0,0,23118,0,23375,0,476,6,0,3,4177,2,51148
folder_0000000B,40,true,mx,1,0,0,7,7,<8,<8,<8,<8,<8:1,0,0,0,23118,0,23375,0,476,6,0,3,4177,2,51148
folder_0000000B,41,true,mb,23297,0,15,85000,4,<8,<8,<8,<8,<8:23297,0,0,15,23282,15,23570,0,464,12,0,6,4177,2,51495
folder_0000000B,41,true,md,1,0,0,15,15,<32,<32,<32,<32,<32:1,0,0,15,23282,15,23570,0,464,12,0,6,4177,2,51495
folder_0000000B,41,true,mi,464,0,0,333687,80964,<128,<512,<1k,<3k,"<128:70,<512:346,<1k:28,<2k:12,<3k:4,<16k:1,<64k:2,<128k:1",0,0,15,23282,15,23570,0,464,12,0,6,4177,2,51495
folder_0000000B,41,true,mn,4183,0,6,2003283,83353,<512,<512,<512,<4k,"<128:255,<512:3637,<1k:127,<2k:80,<3k:31,<4k:33,<8k:6,<16k:5,<32k:2,<64k:4,<128k:3",0,0,15,23282,15,23570,0,464,12,0,6,4177,2,51495
folder_0000000B,41,true,mr,23585,0,15,0,0,<8,<8,<8,<8,<8:23585,0,0,15,23282,15,23570,0,464,12,0,6,4177,2,51495
folder_0000000B,41,true,ms,12,0,12,654,59,<128,<128,<128,<128,<128:12,0,0,15,23282,15,23570,0,464,12,0,6,4177,2,51495
folder_0000000B,41,true,mx,1,0,0,7,7,<8,<8,<8,<8,<8:1,0,0,15,23282,15,23570,0,464,12,0,6,4177,2,51495
folder_0000000B,42,true,mb,23446,0,0,85596,4,<8,<8,<8,<8,<8:23446,0,0,0,23446,0,23734,0,419,45,0,30,4162,2,51763
folder_0000000B,42,true,md,1,0,0,15,15,<32,<32,<32,<32,<32:1,0,0,0,23446,0,23734,0,419,45,0,30,4162,2,51763
folder_0000000B,42,true,mi,419,0,0,327268,81560,<128,<512,<1k,<3k,"<128:50,<512:321,<1k:28,<2k:12,<3k:4,<16k:1,<64k:2,<128k:1",0,0,0,23446,0,23734,0,419,45,0,30,4162,2,51763
folder_0000000B,42,true,mn,4192,0,30,2003465,83353,<512,<512,<512,<4k,"<128:269,<512:3632,<1k:127,<2k:80,<3k:31,<4k:33,<8k:6,<16k:5,<32k:2,<64k:4,<128k:3",0,0,0,23446,0,23734,0,419,45,0,30,4162,2,51763
folder_0000000B,42,true,mr,23734,0,0,0,0,<8,<8,<8,<8,<8:23734,0,0,0,23446,0,23734,0,419,45,0,30,4162,2,51763
folder_0000000B,42,true,ms,45,0,45,3008,116,<128,<128,<128,<128,<128:45,0,0,0,23446,0,23734,0,419,45,0,30,4162,2,51763
folder_0000000B,42,true,mx,1,0,0,7,7,<8,<8,<8,<8,<8:1,0,0,0,23446,0,23734,0,419,45,0,30,4162,2,51763
folder_0000000B,43,false,bd,905,0,899,236029820,262144,>=128k,>=128k,>=128k,>=128k,"<16k:1,<128k:5,>=128k:899",899,6,0,0,0,0,0,0,0,0,0,0,0,6
folder_0000000B,44,true,mb,23660,0,275,86452,4,<8,<8,<8,<8,<8:23660,0,0,275,23385,275,23673,0,391,28,0,14,4162,2,51613
folder_0000000B,44,true,md,1,0,0,15,15,<32,<32,<32,<32,<32:1,0,0,275,23385,275,23673,0,391,28,0,14,4162,2,51613
folder_0000000B,44,true,mi,391,0,0,322540,82360,<128,<512,<1k,<16k,"<128:50,<512:293,<1k:28,<2k:12,<3k:4,<16k:1,<64k:2,<128k:1",0,0,275,23385,275,23673,0,391,28,0,14,4162,2,51613
folder_0000000B,44,true,mn,4176,0,14,2001992,83353,<512,<512,<512,<4k,"<128:249,<512:3636,<1k:127,<2k:80,<3k:31,<4k:33,<8k:6,<16k:5,<32k:2,<64k:4,<128k:3",0,0,275,23385,275,23673,0,391,28,0,14,4162,2,51613
folder_0000000B,44,true,mr,23948,0,275,0,0,<8,<8,<8,<8,<8:23948,0,0,275,23385,275,23673,0,391,28,0,14,4162,2,51613
folder_0000000B,44,true,ms,28,0,28,2674,98,<128,<128,<128,<128,<128:28,0,0,275,23385,275,23673,0,391,28,0,14,4162,2,51613
folder_0000000B,44,true,mx,1,0,0,7,7,<8,<8,<8,<8,<8:1,0,0,275,23385,275,23673,0,391,28,0,14,4162,2,51613
folder_0000000B,45,true,mb,24363,0,2,89216,4,<8,<8,<8,<8,<8:24363,0,0,2,24361,2,24653,0,960,432,0,237,4120,2,54096
folder_0000000B,45,true,md,1,0,0,15,15,<32,<32,<32,<32,<32:1,0,0,2,24361,2,24653,0,960,432,0,237,4120,2,54096
folder_0000000B,45,true,mi,960,0,0,451308,83340,<128,<512,<512,<3k,"<128:114,<512:774,<1k:39,<2k:23,<3k:7,<64k:2,<128k:1",0,0,2,24361,2,24653,0,960,432,0,237,4120,2,54096
folder_0000000B,45,true,mn,4357,0,237,2043155,83353,<512,<512,<512,<4k,"<128:395,<512:3669,<1k:127,<2k:76,<3k:33,<4k:36,<8k:6,<16k:6,<32k:2,<64k:4,<128k:3",0,0,2,24361,2,24653,0,960,432,0,237,4120,2,54096
folder_0000000B,45,true,mr,24655,0,2,0,0,<8,<8,<8,<8,<8:24655,0,0,2,24361,2,24653,0,960,432,0,237,4120,2,54096
folder_0000000B,45,true,ms,432,0,432,30238,124,<128,<128,<128,<128,"<32:14,<128:418",0,0,2,24361,2,24653,0,960,432,0,237,4120,2,54096
folder_0000000B,45,true,mx,1,0,0,7,7,<8,<8,<8,<8,<8:1,0,0,2,24361,2,24653,0,960,432,0,237,4120,2,54096
folder_0000000B,46,true,mb,25128,0,299,92275,4,<8,<8,<8,<8,<8:25128,0,0,299,24829,302,25122,0,591,369,0,159,4171,2,54715
folder_0000000B,46,true,md,1,0,0,15,15,<32,<32,<32,<32,<32:1,0,0,299,24829,302,25122,0,591,369,0,159,4171,2,54715
folder_0000000B,46,true,mi,591,0,0,312274,83340,<128,<512,<512,<3k,"<128:81,<512:452,<1k:30,<2k:19,<3k:7,<64k:1,<128k:1",0,0,299,24829,302,25122,0,591,369,0,159,4171,2,54715
folder_0000000B,46,true,mn,4330,0,159,2118612,83353,<512,<512,<512,<4k,"<128:313,<512:3715,<1k:132,<2k:77,<3k:33,<4k:38,<8k:6,<16k:6,<32k:2,<64k:5,<128k:3",0,0,299,24829,302,25122,0,591,369,0,159,4171,2,54715
folder_0000000B,46,true,mr,25424,0,302,0,0,<8,<8,<8,<8,<8:25424,0,0,299,24829,302,25122,0,591,369,0,159,4171,2,54715
folder_0000000B,46,true,ms,369,0,369,30446,122,<128,<128,<128,<128,"<32:1,<128:368",0,0,299,24829,302,25122,0,591,369,0,159,4171,2,54715
folder_0000000B,46,true,mx,1,0,0,7,7,<8,<8,<8,<8,<8:1,0,0,299,24829,302,25122,0,591,369,0,159,4171,2,54715
folder_0000000B,47,true,mb,25104,0,0,92179,4,<8,<8,<8,<8,<8:25104,0,0,0,25104,0,25397,0,571,20,0,1,4189,2,55263
folder_0000000B,47,true,md,1,0,0,15,15,<32,<32,<32,<32,<32:1,0,0,0,25104,0,25397,0,571,20,0,1,4189,2,55263
folder_0000000B,47,true,mi,571,0,0,295877,83340,<128,<512,<512,<3k,"<128:80,<512:450,<1k:20,<2k:12,<3k:7,<64k:1,<128k:1",0,0,0,25104,0,25397,0,571,20,0,1,4189,2,55263
folder_0000000B,47,true,mn,4190,0,1,2114937,83353,<512,<512,<512,<4k,"<128:250,<512:3622,<1k:141,<2k:84,<3k:33,<4k:38,<8k:6,<16k:6,<32k:2,<64k:5,<128k:3",0,0,0,25104,0,25397,0,571,20,0,1,4189,2,55263
folder_0000000B,47,true,mr,25397,0,0,0,0,<8,<8,<8,<8,<8:25397,0,0,0,25104,0,25397,0,571,20,0,1,4189,2,55263
folder_0000000B,47,true,ms,20,0,20,1461,84,<128,<128,<128,<128,<128:20,0,0,0,25104,0,25397,0,571,20,0,1,4189,2,55263
folder_0000000B,47,true,mx,1,0,0,7,7,<8,<8,<8,<8,<8:1,0,0,0,25104,0,25397,0,571,20,0,1,4189,2,55263
folder_0000000B,48,true,mb,25396,0,27,93347,4,<8,<8,<8,<8,<8:25396,0,0,27,25369,27,25662,0,541,30,0,1,4217,2,55791
folder_0000000B,48,true,md,1,0,0,15,15,<32,<32,<32,<32,<32:1,0,0,27,25369,27,25662,0,541,30,0,1,4217,2,55791
folder_0000000B,48,true,mi,541,0,0,276254,83340,<128,<512,<512,<2k,"<128:79,<512:431,<1k:16,<2k:10,<3k:3,<64k:1,<128k:1",0,0,27,25369,27,25662,0,541,30,0,1,4217,2,55791
folder_0000000B,48,true,mn,4218,0,1,2134512,83353,<512,<512,<512,<4k,"<128:250,<512:3641,<1k:144,<2k:86,<3k:37,<4k:38,<8k:6,<16k:6,<32k:2,<64k:5,<128k:3",0,0,27,25369,27,25662,0,541,30,0,1,4217,2,55791
folder_0000000B,48,true,mr,25689,0,27,0,0,<8,<8,<8,<8,<8:25689,0,0,27,25369,27,25662,0,541,30,0,1,4217,2,55791
folder_0000000B,48,true,ms,30,0,30,1972,108,<128,<128,<128,<128,<128:30,0,0,27,25369,27,25662,0,541,30,0,1,4217,2,55791
folder_0000000B,48,true,mx,1,0,0,7,7,<8,<8,<8,<8,<8:1,0,0,27,25369,27,25662,0,541,30,0,1,4217,2,55791
folder_0000000B,49,true,mb,25708,0,0,94595,4,<8,<8,<8,<8,<8:25708,0,0,0,25708,0,26001,0,459,82,0,3,4293,2,56463
folder_0000000B,49,true,md,1,0,0,15,15,<32,<32,<32,<32,<32:1,0,0,0,25708,0,26001,0,459,82,0,3,4293,2,56463
folder_0000000B,49,true,mi,459,0,0,165792,50579,<128,<512,<512,<2k,"<128:76,<512:361,<1k:14,<2k:5,<3k:2,<64k:1",0,0,0,25708,0,26001,0,459,82,0,3,4293,2,56463
folder_0000000B,49,true,mn,4296,0,3,2242763,83353,<512,<512,<512,<4k,"<128:252,<512:3710,<1k:144,<2k:92,<3k:37,<4k:38,<8k:6,<16k:6,<32k:2,<64k:5,<128k:4",0,0,0,25708,0,26001,0,459,82,0,3,4293,2,56463
folder_0000000B,49,true,mr,26001,0,0,0,0,<8,<8,<8,<8,<8:26001,0,0,0,25708,0,26001,0,459,82,0,3,4293,2,56463
folder_0000000B,49,true,ms,82,0,82,5104,101,<128,<128,<128,<128,"<32:1,<128:81",0,0,0,25708,0,26001,0,459,82,0,3,4293,2,56463
folder_0000000B,49,true,mx,1,0,0,7,7,<8,<8,<8,<8,<8:1,0,0,0,25708,0,26001,0,459,82,0,3,4293,2,56463
folder_0000000B,50,true,mb,26105,0,0,96183,4,<8,<8,<8,<8,<8:26105,0,0,0,26105,0,26400,0,296,163,0,12,4432,2,57235
folder_0000000B,50,true,md,1,0,0,15,15,<32,<32,<32,<32,<32:1,0,0,0,26105,0,26400,0,296,163,0,12,4432,2,57235
folder_0000000B,50,true,mi,296,0,0,119721,50579,<128,<512,<512,<2k,"<128:66,<512:219,<1k:7,<2k:2,<3k:1,<64k:1",0,0,0,26105,0,26400,0,296,163,0,12,4432,2,57235
folder_0000000B,50,true,mn,4444,0,12,2284929,83353,<512,<512,<512,<4k,"<128:259,<512:3842,<1k:149,<2k:95,<3k:38,<4k:38,<8k:6,<16k:6,<32k:2,<64k:5,<128k:4",0,0,0,26105,0,26400,0,296,163,0,12,4432,2,57235
folder_0000000B,50,true,mr,26400,0,0,0,0,<8,<8,<8,<8,<8:26400,0,0,0,26105,0,26400,0,296,163,0,12,4432,2,57235
folder_0000000B,50,true,ms,163,0,163,12047,110,<128,<128,<128,<128,<128:163,0,0,0,26105,0,26400,0,296,163,0,12,4432,2,57235
folder_0000000B,50,true,mx,1,0,0,7,7,<8,<8,<8,<8,<8:1,0,0,0,26105,0,26400,0,296,163,0,12,4432,2,57235
folder_0000000B,51,false,bd,2042,0,141,246828798,262144,<64k,>=128k,>=128k,>=128k,"<8k:28,<16k:42,<32k:50,<64k:90,<128k:237,>=128k:1595",141,1901,0,0,0,0,0,0,0,0,0,0,0,1901
folder_0000000B,52,true,mb,27538,0,2,101915,4,<8,<8,<8,<8,<8:27538,0,0,2,27536,2,27831,0,501,956,0,525,4362,52,60282
folder_0000000B,52,true,md,1,0,0,15,15,<32,<32,<32,<32,<32:1,0,0,2,27536,2,27831,0,501,956,0,525,4362,52,60282
folder_0000000B,52,true,mi,501,49,0,2738122,50579,<512,<512,<64k,<64k,"<8:49,<512:378,<1k:2,<2k:2,<64k:70",0,0,2,27536,2,27831,0,501,956,0,525,4362,52,60282
folder_0000000B,52,true,mn,4887,0,525,2317617,83353,<512,<512,<512,<4k,"<128:316,<512:4228,<1k:149,<2k:95,<3k:39,<4k:38,<8k:6,<16k:6,<32k:2,<64k:4,<128k:4",0,0,2,27536,2,27831,0,501,956,0,525,4362,52,60282
folder_0000000B,52,true,mr,27833,0,2,0,0,<8,<8,<8,<8,<8:27833,0,0,2,27536,2,27831,0,501,956,0,525,4362,52,60282
folder_0000000B,52,true,ms,956,0,956,97927,124,<128,<128,<128,<128,"<32:10,<128:946",0,0,2,27536,2,27831,0,501,956,0,525,4362,52,60282
folder_0000000B,52,true,mx,51,0,0,357,7,<8,<8,<8,<8,<8:51,0,0,2,27536,2,27831,0,501,956,0,525,4362,52,60282
folder_0000000B,53,true,mb,28304,0,0,104979,4,<8,<8,<8,<8,<8:28304,0,0,0,28304,0,28599,0,156,1154,0,559,4398,2,61459
folder_0000000B,53,true,md,1,0,0,15,15,<32,<32,<32,<32,<32:1,0,0,0,28304,0,28599,0,156,1154,0,559,4398,2,61459
folder_0000000B,53,true,mi,156,0,0,87344,50579,<512,<512,<512,<512,"<512:155,<64k:1",0,0,0,28304,0,28599,0,156,1154,0,559,4398,2,61459
folder_0000000B,53,true,mn,4957,0,559,2380731,83353,<512,<512,<512,<4k,"<128:249,<512:4364,<1k:149,<2k:95,<3k:39,<4k:38,<8k:6,<16k:6,<32k:2,<64k:5,<128k:4",0,0,0,28304,0,28599,0,156,1154,0,559,4398,2,61459
folder_0000000B,53,true,mr,28599,0,0,0,0,<8,<8,<8,<8,<8:28599,0,0,0,28304,0,28599,0,156,1154,0,559,4398,2,61459
folder_0000000B,53,true,ms,1154,0,1154,133622,122,<128,<128,<128,<128,<128:1154,0,0,0,28304,0,28599,0,156,1154,0,559,4398,2,61459
folder_0000000B,53,true,mx,1,0,0,7,7,<8,<8,<8,<8,<8:1,0,0,0,28304,0,28599,0,156,1154,0,559,4398,2,61459
folder_0000000B,54,true,mb,29127,0,0,108271,4,<8,<8,<8,<8,<8:29127,0,0,0,29127,0,29465,0,332,804,0,374,4454,2,63380
folder_0000000B,54,true,md,1,0,0,15,15,<32,<32,<32,<32,<32:1,0,0,0,29127,0,29465,0,332,804,0,374,4454,2,63380
folder_0000000B,54,true,mi,332,0,0,139557,50579,<512,<512,<512,<1k,"<512:306,<1k:25,<64k:1",0,0,0,29127,0,29465,0,332,804,0,374,4454,2,63380
folder_0000000B,54,true,mn,4828,0,374,2363806,83353,<512,<512,<512,<4k,"<128:249,<512:4238,<1k:146,<2k:95,<3k:39,<4k:38,<8k:6,<16k:6,<32k:2,<64k:5,<128k:4",0,0,0,29127,0,29465,0,332,804,0,374,4454,2,63380
folder_0000000B,54,true,mr,29465,0,0,0,0,<8,<8,<8,<8,<8:29465,0,0,0,29127,0,29465,0,332,804,0,374,4454,2,63380
folder_0000000B,54,true,ms,804,0,804,97102,126,<128,<128,<128,<128,<128:804,0,0,0,29127,0,29465,0,332,804,0,374,4454,2,63380
folder_0000000B,54,true,mx,1,0,0,7,7,<8,<8,<8,<8,<8:1,0,0,0,29127,0,29465,0,332,804,0,374,4454,2,63380
folder_0000000C,1,true,mb,13,0,0,39,3,<8,<8,<8,<8,<8:13,0,0,0,13,0,13,0,0,4,0,4,26,2,54
folder_0000000C,1,true,md,1,0,0,14,14,<32,<32,<32,<32,<32:1,0,0,0,13,0,13,0,0,4,0,4,26,2,54
folder_0000000C,1,true,mn,30,0,4,34326,3610,<128,<512,<4k,<4k,"<128:10,<512:6,<1k:3,<2k:2,<3k:5,<4k:4",0,0,0,13,0,13,0,0,4,0,4,26,2,54
folder_0000000C,1,true,mr,13,0,0,0,0,<8,<8,<8,<8,<8:13,0,0,0,13,0,13,0,0,4,0,4,26,2,54
folder_0000000C,1,true,ms,4,0,4,69,27,<32,<32,<32,<32,<32:4,0,0,0,13,0,13,0,0,4,0,4,26,2,54
folder_0000000C,1,true,mx,1,0,0,5,5,<8,<8,<8,<8,<8:1,0,0,0,13,0,13,0,0,4,0,4,26,2,54
